Democrat Strength Rating,State,CD#,2018 Cook PVI Score,2018 Winner,Party,Dem Votes,GOP Votes,Other Votes,Dem %,GOP %,Other %,Dem Margin,2016 Clinton Margin,Swing vs. 2016 Prez,2016 Total Votes Cast,Raw Votes vs. 2016,Final?,2012 Winner,2016 winner,Pre-Election Rating,PVI Performance
432,Texas,13,-33,Mac Thornberry,R,"35,083","169,027","3,175",16.90%,81.50%,1.50%,-64.60%,-62.80%,-1.80%,"239,860",86.40%,x,Romney,Trump,Solid R,
431,Texas,11,-32,Mike Conaway,R,"40,631","176,603","3,143",18.40%,80.10%,1.40%,-61.70%,-58.50%,-3.20%,"249,682",88.30%,x,Romney,Trump,Solid R,
428,Kentucky,5,-31,Hal Rogers,R,"45,890","172,093",34,21.00%,78.90%,0.00%,-57.90%,-62.10%,4.20%,"278,451",78.30%,x,Romney,Trump,Solid R,
429,Georgia,9,-31,Doug Collins,R,"57,912","224,661",5,20.50%,79.50%,0.00%,-59.00%,-58.50%,-0.50%,"297,215",95.10%,x,Romney,Trump,Solid R,
430,Alabama,4,-30,Robert Aderholt,R,"46,492","184,255",222,20.10%,79.80%,0.10%,-59.60%,-62.50%,2.90%,"292,861",78.90%,x,Romney,Trump,Solid R,
427,Tennessee,1,-28,Phil Roe,R,"47,138","172,835","4,309",21.00%,77.10%,1.90%,-56.00%,-56.80%,0.80%,"266,419",84.20%,x,Romney,Trump,Solid R,
424,Texas,4,-28,John Ratcliffe,R,"57,400","188,667","3,178",23.00%,75.70%,1.30%,-52.70%,-53.20%,0.50%,"281,123",88.70%,x,Romney,Trump,Solid R,
422,Texas,8,-28,Kevin Brady,R,"67,930","200,619","4,621",24.90%,73.40%,1.70%,-48.60%,-48.30%,-0.30%,"298,315",91.60%,x,Romney,Trump,Solid R,
420,Oklahoma,3,-27,Frank Lucas,R,"61,152","172,913",0,26.10%,73.90%,0.00%,-47.70%,-52.80%,5.10%,"293,417",79.80%,x,Romney,Trump,Solid R,
426,Nebraska,3,-27,Adrian Smith,R,"49,654","163,650",0,23.30%,76.70%,0.00%,-53.40%,-54.20%,0.80%,"270,185",78.90%,x,Romney,Trump,Solid R,
425,Georgia,14,-27,Tom Graves,R,"53,981","175,743",0,23.50%,76.50%,0.00%,-53.00%,-52.90%,-0.10%,"255,872",89.80%,x,Romney,Trump,Solid R,
423,Texas,19,-27,Jodey Arrington,R,"50,039","151,946",0,24.80%,75.20%,0.00%,-50.50%,-48.70%,-1.80%,"229,585",88.00%,x,Romney,Trump,Solid R,
409,Alabama,6,-26,Gary Palmer,R,"85,644","192,542",142,30.80%,69.20%,0.10%,-38.40%,-43.80%,5.40%,"335,943",82.80%,x,Romney,Trump,Solid R,
418,Texas,36,-26,Brian Babin,R,"60,908","161,048",0,27.40%,72.60%,0.00%,-45.10%,-46.50%,1.40%,"255,510",86.90%,x,Romney,Trump,Solid R,
402,Utah,1,-26,Rob Bishop,R,"63,308","156,692","34,333",24.90%,61.60%,13.50%,-36.70%,-27.40%,-9.30%,"280,453",90.70%,x,Romney,Trump,Solid R,
389,Wyoming,AL,-25,Liz Cheney,R,"59,903","127,963","13,379",29.80%,63.60%,6.60%,-33.80%,-46.30%,12.50%,"255,849",78.70%,x,Romney,Trump,Solid R,
419,Texas,1,-25,Louie Gohmert,R,"61,263","168,165","3,292",26.30%,72.30%,1.40%,-45.90%,-46.60%,0.70%,"264,551",88.00%,x,Romney,Trump,Solid R,
412,Utah,3,-25,John Curtis,R,"70,686","174,856","13,316",27.30%,67.50%,5.10%,-40.20%,-23.90%,-16.30%,"289,925",89.30%,x,Romney,Trump,Solid R,
395,Oklahoma,2,-24,Markwayne Mullin,R,"65,021","140,451","10,530",30.10%,65.00%,4.90%,-34.90%,-50.10%,15.20%,"271,844",79.50%,x,Romney,Trump,Solid R,
400,Kansas,1,-24,Roger Marshall,R,"71,558","153,082",0,31.90%,68.10%,0.00%,-36.30%,-44.80%,8.50%,"265,883",84.50%,x,Romney,Trump,Solid R,
415,Tennessee,6,-24,John Rose,R,"70,370","172,810","5,560",28.30%,69.50%,2.20%,-41.20%,-48.80%,7.60%,"299,210",83.10%,x,Romney,Trump,Solid R,
421,Missouri,8,-24,Jason Smith,R,"66,151","194,042","4,206",25.00%,73.40%,1.60%,-48.40%,-54.20%,5.80%,"318,514",83.00%,x,Romney,Trump,Solid R,
417,Louisiana,1,-24,Steve Scalise,R,"71,521","192,555","5,249",26.60%,71.50%,1.90%,-44.90%,-42.20%,-2.70%,"354,783",75.90%,x,Romney,Trump,Solid R,
300,West Virginia,3,-23,Carol Miller,R,"76,340","98,645",0,43.60%,56.40%,0.00%,-12.70%,-49.30%,36.60%,"218,890",79.90%,x,Romney,Trump,Solid R,
404,Kentucky,1,-23,James Comer,R,"78,849","172,167",0,31.40%,68.60%,0.00%,-37.20%,-48.50%,11.30%,"310,384",80.90%,x,Romney,Trump,Solid R,
399,Missouri,7,-23,Billy Long,R,"89,190","196,343","10,922",30.10%,66.20%,3.70%,-36.10%,-45.50%,9.40%,"343,078",86.40%,x,Romney,Trump,Solid R,
390,Florida,1,-22,Matt Gaetz,R,"106,199","216,189",0,32.90%,67.10%,0.00%,-34.10%,-39.30%,5.20%,"380,098",84.80%,x,Romney,Trump,Solid R,
414,Pennsylvania,13,-22,John Joyce,R,"74,733","178,533",0,29.50%,70.50%,0.00%,-41.00%,-45.50%,4.50%,"319,516",79.30%,x,Romney,Trump,Sold R,
380,Idaho,1,-21,Russ Fulcher,R,"96,922","197,719","20,428",30.80%,62.80%,6.50%,-32.00%,-38.30%,6.30%,"359,661",87.60%,x,Romney,Trump,Solid R,
416,Illinois,15,-21,John Shimkus,R,"74,309","181,294",5,29.10%,70.90%,0.00%,-41.90%,-46.20%,4.30%,"320,524",79.70%,x,Romney,Trump,Solid R,
405,Mississippi,4,-21,St0 Palazzo,R,"68,787","152,633","2,312",30.70%,68.20%,1.00%,-37.50%,-41.10%,3.60%,"283,455",78.90%,x,Romney,Trump,Solid R,
407,Arizona,4,-21,Paul Gosar,R,"84,521","188,842","3,672",30.50%,68.20%,1.30%,-37.70%,-39.40%,1.70%,"304,185",91.10%,x,Romney,Trump,Solid R,
371,Tennessee,4,-20,Scott DesJarlais,R,"78,065","147,323","7,063",33.60%,63.40%,3.00%,-29.80%,-40.90%,11.10%,"278,304",83.50%,x,Romney,Trump,Solid R,
398,Pennsylvania,15,-20,Glenn Thompson,R,"78,327","165,245",0,32.20%,67.80%,0.00%,-35.70%,-43.40%,7.70%,"308,943",78.80%,x,Romney,Trump,Solid R,
372,Oklahoma,4,-20,Tom Cole,R,"78,088","149,227","9,323",33.00%,63.10%,3.90%,-30.10%,-37.20%,7.10%,"295,464",80.10%,x,Romney,Trump,Solid R,
393,Tennessee,7,-20,Mark Green,R,"81,661","170,071","2,652",32.10%,66.90%,1.00%,-34.80%,-39.00%,4.20%,"293,684",86.60%,x,Romney,Trump,Solid R,
386,Tennessee,2,-20,Tim Burchett,R,"86,668","172,856","2,609",33.10%,65.90%,1.00%,-32.90%,-35.20%,2.30%,"292,087",89.70%,x,Romney,Trump,Solid R,
408,Louisiana,3,-20,Clay Higgins,R,"74,713","168,263","2,967",30.40%,68.40%,1.20%,-38.00%,-38.10%,0.10%,"343,017",71.70%,x,Romney,Trump,Solid R,
368,West Virginia,1,-19,David McKinley,R,"70,217","127,997",0,35.40%,64.60%,0.00%,-29.20%,-41.60%,12.40%,"243,894",81.30%,x,Romney,Trump,Solid R,
375,Virginia,9,-19,Morgan Griffith,R,"85,833","160,933",214,34.80%,65.20%,0.10%,-30.40%,-41.30%,10.90%,"318,350",77.60%,x,Romney,Trump,Solid R,
397,Kentucky,2,-19,Brett Guthrie,R,"79,964","171,700","5,681",31.10%,66.70%,2.20%,-35.60%,-39.90%,4.30%,"324,647",79.30%,x,Romney,Trump,Solid R,
403,South Carolina,3,-19,Jeff Duncan,R,"70,046","153,338","2,820",31.00%,67.80%,1.20%,-36.80%,-38.00%,1.20%,"283,968",79.70%,x,Romney,Trump,Solid R,
383,Arkansas,3,-19,Steve Womack,R,"74,952","148,717","6,039",32.60%,64.70%,2.60%,-32.10%,-31.40%,-0.70%,"292,163",78.60%,x,Romney,Trump,Solid R,
406,Tennessee,8,-19,David Kustoff,R,"74,755","168,030","5,560",30.10%,67.70%,2.20%,-37.60%,-35.40%,-2.20%,"298,758",83.10%,x,Romney,Trump,Solid R,
413,Louisiana,6,-19,Garret Graves,R,"76,716","186,553","5,256",28.60%,69.50%,2.00%,-40.90%,-34.10%,-6.80%,"353,229",76.00%,x,Romney,Trump,Solid R,
343,Alabama,5,-18,Mo Brooks,R,"101,388","159,063",222,38.90%,61.00%,0.10%,-22.10%,-32.90%,10.80%,"314,679",82.80%,x,Romney,Trump,Solid R,
378,Indiana,6,-18,Greg Pence,R,"79,430","154,260","8,036",32.90%,63.80%,3.30%,-31.00%,-40.20%,9.20%,"302,405",75.00%,x,Romney,Trump,Solid R,
365,Kentucky,4,-18,Thomas Massie,R,"90,536","162,946","8,330",34.60%,62.20%,3.20%,-27.70%,-35.90%,8.20%,"337,433",77.60%,x,Romney,Trump,Solid R,
384,Missouri,3,-18,Blaine Luetkemeyer,R,"106,589","211,243","6,776",32.80%,65.10%,2.10%,-32.20%,-39.00%,6.80%,"378,693",85.70%,x,Romney,Trump,Solid R,
369,Tennessee,3,-18,Chuck Fleischmann,R,"84,731","156,512","4,522",34.50%,63.70%,1.80%,-29.20%,-35.00%,5.80%,"278,072",88.40%,x,Romney,Trump,Solid R,
334,Texas,26,-18,Michael Burgess,R,"121,938","185,551","5,016",39.00%,59.40%,1.60%,-20.40%,-26.20%,5.80%,"322,035",97.00%,x,Romney,Trump,Solid R,
370,Indiana,3,-18,Jim Banks,R,"86,610","158,927",0,35.30%,64.70%,0.00%,-29.50%,-34.80%,5.30%,"292,911",83.80%,x,Romney,Trump,Solid R,
394,Florida,2,-18,Neal Dunn,R,"96,233","199,335",0,32.60%,67.40%,0.00%,-34.90%,-35.60%,0.70%,"354,956",83.30%,x,Romney,Trump,Solid R,
379,Georgia,3,-18,Drew Ferguson,R,"101,010","191,996",0,34.50%,65.50%,0.00%,-31.10%,-31.60%,0.50%,"311,864",94.00%,x,Romney,Trump,Solid R,
374,Texas,12,-18,Kay Granger,R,"90,994","172,557","4,940",33.90%,64.30%,1.80%,-30.40%,-30.00%,-0.40%,"285,007",94.20%,x,Romney,Trump,Solid R,
291,West Virginia,2,-17,Alex Mooney,R,"88,011","110,504","6,277",43.00%,54.00%,3.10%,-11.00%,-36.40%,25.40%,"250,267",81.80%,x,Romney,Trump,Solid R,
325,Oklahoma,1,-17,Kevin Hern,R,"103,042","150,129",0,40.70%,59.30%,0.00%,-18.60%,-28.80%,10.20%,"311,506",81.30%,x,Romney,Trump,Solid R,
366,Indiana,4,-17,Jim Baird,R,"87,824","156,539",0,35.90%,64.10%,0.00%,-28.10%,-33.90%,5.80%,"304,049",80.40%,x,Romney,Trump,Solid R,
381,Pennsylvania,12,-17,Tom Marino,R,"82,825","161,047",0,34.00%,66.00%,0.00%,-32.10%,-36.50%,4.40%,"306,841",79.50%,x,Romney,Trump,Solid R,
382,Missouri,4,-17,Vicky Hartzler,R,"95,968","190,138","7,210",32.70%,64.80%,2.50%,-32.10%,-35.80%,3.70%,"341,135",86.00%,x,Romney,Trump,Solid R,
340,Idaho,2,-17,Mike Simpson,R,"110,381","170,274",0,39.30%,60.70%,0.00%,-21.30%,-24.70%,3.40%,"330,594",84.90%,x,Romney,Trump,Solid R,
347,Georgia,11,-17,Barry Loudermilk,R,"118,653","191,887",0,38.20%,61.80%,0.00%,-23.60%,-25.10%,1.50%,"329,312",94.30%,x,Romney,Trump,Solid R,
387,Ohio,8,-17,Warren Davidson,R,"87,281","173,852",0,33.40%,66.60%,0.00%,-33.20%,-34.30%,1.10%,"345,230",75.60%,x,Romney,Trump,Solid R,
396,Arkansas,4,-17,Bruce Westerman,R,"63,984","136,740","4,168",31.20%,66.70%,2.00%,-35.50%,-32.80%,-2.70%,"270,782",75.70%,x,Romney,Trump,Solid R,
385,Florida,4,-17,John Rutherford,R,"123,351","248,420","9,478",32.40%,65.20%,2.50%,-32.80%,-28.00%,-4.80%,"421,712",90.40%,x,Romney,Trump,Solid R,
411,Arkansas,1,-17,Rick Crawford,R,"57,907","138,757","4,581",28.80%,68.90%,2.30%,-40.20%,-34.80%,-5.40%,"260,716",77.20%,x,Romney,Trump,Solid R,
353,North Dakota,AL,-16,Kelly Armstrong,R,"114,377","193,568","13,587",35.60%,60.20%,4.20%,-24.60%,-35.70%,11.10%,"344,360",93.40%,x,Romney,Trump,Solid R,
345,Alabama,2,-16,Martha Roby,R,"86,931","138,879",420,38.40%,61.40%,0.20%,-23.00%,-31.70%,8.70%,"287,564",78.70%,x,Romney,Trump,Solid R,
364,Alabama,3,-16,Mike Rogers,R,"83,996","147,770",149,36.20%,63.70%,0.10%,-27.50%,-33.00%,5.50%,"291,243",79.60%,x,Romney,Trump,Solid R,
410,Ohio,6,-16,Bill Johnson,R,"76,716","172,774",0,30.70%,69.30%,0.00%,-38.50%,-42.30%,3.80%,"322,137",77.40%,x,Romney,Trump,Solid R,
354,Texas,5,-16,Lance Gooden,R,"78,666","130,617",224,37.50%,62.30%,0.10%,-24.80%,-28.30%,3.50%,"233,340",89.80%,x,Romney,Trump,Solid R,
388,Missouri,6,-16,Sam Graves,R,"97,660","199,796","7,953",32.00%,65.40%,2.60%,-33.40%,-32.30%,-1.10%,"356,840",85.60%,x,Romney,Trump,Solid R,
392,Mississippi,1,-16,Trent Kelly,R,"76,601","158,245","1,675",32.40%,66.90%,0.70%,-34.50%,-33.00%,-1.50%,"310,621",76.10%,x,Romney,Trump,Solid R,
318,Utah,2,-16,Chris Stewart,R,"105,051","151,489","13,504",38.90%,56.10%,5.00%,-17.20%,-14.00%,-3.20%,"283,693",95.20%,x,Romney,Trump,Solid R,
433,Georgia,8,-15,Austin Scott,R,0,"198,152",564,0.00%,99.70%,0.30%,-99.70%,-28.90%,N/A,"265,514",74.80%,x,Romney,Trump,Solid R,
328,Kansas,4,-15,Ron Estes,R,"98,445","144,248",0,40.60%,59.40%,0.00%,-18.90%,-27.00%,8.10%,"276,300",87.80%,x,Romney,Trump,Solid R,
367,Indiana,8,-15,Larry Bucshon,R,"86,895","157,396",0,35.60%,64.40%,0.00%,-28.90%,-33.60%,4.70%,"301,334",81.10%,x,Romney,Trump,Solid R,
360,Alabama,1,-15,Bradley Byrne,R,"89,226","153,228",163,36.80%,63.20%,0.10%,-26.40%,-29.20%,2.80%,"305,780",79.30%,x,Romney,Trump,Solid R,
346,South Carolina,4,-15,William Timmons,R,"89,182","145,321","9,447",36.60%,59.60%,3.90%,-23.00%,-25.60%,2.60%,"303,659",80.30%,x,Romney,Trump,Solid R,
373,Florida,11,-15,Dan Webster,R,"128,053","239,395",58,34.80%,65.10%,0.00%,-30.30%,-32.30%,2.00%,"411,005",89.40%,x,Romney,Trump,Solid R,
327,Arizona,5,-15,Andy Biggs,R,"127,027","186,037",0,40.60%,59.40%,0.00%,-18.80%,-20.50%,1.70%,"341,437",91.70%,x,Romney,Trump,Solid R,
359,Georgia,10,-15,Jody Hice,R,"112,339","190,396",0,37.10%,62.90%,0.00%,-25.80%,-25.50%,-0.30%,"315,073",96.10%,x,Romney,Trump,Solid R,
391,Illinois,18,-15,Darin LaHood,R,"95,486","195,927",0,32.80%,67.20%,0.00%,-34.50%,-27.30%,-7.20%,"345,450",84.40%,x,Romney,Trump,Solid R,
401,Louisiana,5,-15,Ralph Abraham,R,"67,118","149,018","7,810",30.00%,66.50%,3.50%,-36.60%,-29.40%,-7.20%,"323,222",69.30%,x,Romney,Trump,Solid R,
332,Pennsylvania,9,-14,Dan Meuser,R,"100,204","148,723",0,40.30%,59.70%,0.00%,-19.50%,-34.00%,14.50%,"315,463",78.90%,x,Romney,Trump,Solid R,
314,Pennsylvania,14,-14,Guy Reschenthaler,R,"110,051","151,386",0,42.10%,57.90%,0.00%,-15.80%,-29.00%,13.20%,"333,028",78.50%,x,Romney,Trump,Solid R,
335,North Carolina,11,-14,Mark Meadows,R,"116,508","178,012","6,146",38.70%,59.20%,2.00%,-20.50%,-29.10%,8.60%,"368,712",81.50%,x,Romney,Trump,Solid R,
321,Pennsylvania,11,-14,Lloyd Smucker,R,"113,876","163,708",0,41.00%,59.00%,0.00%,-18.00%,-25.80%,7.80%,"332,899",83.40%,x,Romney,Trump,Solid R,
320,Colorado,5,-14,Doug Lamborn,R,"126,848","184,002","11,866",39.30%,57.00%,3.70%,-17.70%,-23.90%,6.20%,"371,829",86.80%,x,Romney,Trump,Likely R,
350,South Dakota,AL,-14,Dusty Johnson,R,"121,033","202,695","12,237",36.00%,60.30%,3.60%,-24.30%,-29.80%,5.50%,"370,093",90.80%,x,Romney,Trump,Solid R,
342,Maryland,1,-14,Andy Harris,R,"116,631","183,662","5,893",38.10%,60.00%,1.90%,-21.90%,-25.10%,3.20%,"367,987",83.20%,x,Romney,Trump,Solid R,
376,Ohio,4,-14,Jim Jordan,R,"89,412","167,993",0,34.70%,65.30%,0.00%,-30.50%,-33.40%,2.90%,"326,550",78.80%,x,Romney,Trump,Solid R,
363,California,23,-14,Kevin McCarthy,R,"74,661","131,113",0,36.30%,63.70%,0.00%,-27.40%,-21.90%,-5.50%,"246,632",83.40%,x,Romney,Trump,Solid R,
301,Indiana,9,-13,Trey Hollingsworth,R,"118,090","153,271",0,43.50%,56.50%,0.00%,-13.00%,-26.80%,13.80%,"326,098",83.20%,x,Romney,Trump,Likely R,
290,Arizona,8,-13,Debbie Lesko,R,"135,569","168,835",13,44.50%,55.50%,0.00%,-10.90%,-20.80%,9.90%,"332,767",91.50%,x,Romney,Trump,Likely R,
235,Utah,4,-13,Ben McAdams,D,"134,964","134,270",37,50.10%,49.90%,0.00%,0.30%,-6.70%,7.00%,"277,318",97.10%,x,Romney,Trump,Lean D,
356,Michigan,10,-13,Paul Mitchell,R,"106,061","182,808","14,195",35.00%,60.30%,4.70%,-25.30%,-32.20%,6.90%,"357,907",84.70%,x,Romney,Trump,Solid R,
331,Virginia,6,-13,Ben Cline,R,"113,133","167,957",287,40.20%,59.70%,0.10%,-19.50%,-24.60%,5.10%,"347,830",80.90%,x,Romney,Trump,Solid R,
285,Texas,3,-13,Van Taylor,R,"138,234","169,520","4,757",44.20%,54.20%,1.50%,-10.00%,-13.90%,3.90%,"324,304",96.40%,x,Romney,Trump,Solid R,
351,Florida,17,-13,Greg Steube,R,"117,194","193,326",0,37.70%,62.30%,0.00%,-24.50%,-27.20%,2.70%,"353,861",87.80%,x,Romney,Trump,Solid R,
339,Colorado,4,-13,Ken Buck,R,"145,544","224,038",39,39.40%,60.60%,0.00%,-21.20%,-23.20%,2.00%,"402,203",91.90%,x,Romney,Trump,Solid R,
348,Texas,27,-13,Michael Cloud,R,"75,929","125,118","6,374",36.60%,60.30%,3.10%,-23.70%,-23.40%,-0.30%,"235,405",88.10%,x,Romney,Trump,Solid R,
357,Mississippi,3,-13,Michael Guest,R,"94,461","160,284","2,526",36.70%,62.30%,1.00%,-25.60%,-24.50%,-1.10%,"323,862",79.40%,x,Romney,Trump,Solid R,
352,Florida,19,-13,Francis Rooney,R,"128,106","211,465",36,37.70%,62.30%,0.00%,-24.50%,-22.10%,-2.40%,"381,184",89.10%,x,Romney,Trump,Solid R,
358,Washington,4,-13,Dan Newhouse,R,"83,785","141,551",0,37.20%,62.80%,0.00%,-25.60%,-22.90%,-2.70%,"242,666",92.90%,x,Romney,Trump,Solid R,
349,Wisconsin,5,-13,Jim Sensenbrenner,R,"138,385","225,619",1,38.00%,62.00%,0.00%,-24.00%,-19.80%,-4.20%,"405,647",89.70%,x,Romney,Trump,Solid R,
377,Louisiana,4,-13,Mike Johnson,R,"72,934","139,326","4,612",33.60%,64.20%,2.10%,-30.60%,-24.00%,-6.60%,"318,392",68.10%,x,Romney,Trump,Solid R,
435,North Carolina,3,-12,Walter Jones,R,0,"187,901",0,0.00%,100.00%,0.00%,-100.00%,-24.00%,N/A,"330,774",56.80%,x,Romney,Trump,Solid R,
219,Minnesota,7,-12,Collin Peterson,D,"146,672","134,668",169,52.10%,47.80%,0.10%,4.30%,-30.50%,34.80%,"339,286",83.00%,x,Romney,Trump,Likely D,
319,Ohio,7,-12,Bob Gibbs,R,"107,536","153,117",0,41.30%,58.70%,0.00%,-17.50%,-29.60%,12.10%,"329,676",79.10%,x,Romney,Trump,Solid R,
324,North Carolina,10,-12,Patrick McHenry,R,"113,259","164,969",0,40.70%,59.30%,0.00%,-18.60%,-24.00%,5.40%,"361,149",77.00%,x,Romney,Trump,Solid R,
308,South Carolina,2,-12,Joe Wilson,R,"109,199","144,642","3,298",42.50%,56.30%,1.30%,-13.80%,-18.60%,4.80%,"311,355",82.60%,x,Romney,Trump,Solid R,
344,Minnesota,6,-12,Tom Emmer,R,"122,332","192,931",463,38.70%,61.10%,0.10%,-22.40%,-25.50%,3.10%,"373,920",84.40%,x,Romney,Trump,Solid R,
312,Texas,17,-12,Bill Flores,R,"98,070","134,841","4,440",41.30%,56.80%,1.90%,-15.50%,-17.30%,1.80%,"250,189",94.90%,x,Romney,Trump,Solid R,
333,Texas,14,-12,Randy Weber,R,"92,212","138,942","3,374",39.30%,59.20%,1.40%,-19.90%,-19.70%,-0.20%,"264,338",88.70%,x,Romney,Trump,Solid R,
238,New York,27,-11,Chris Collins,R,"139,059","140,146","5,973",48.80%,49.10%,2.10%,-0.40%,-24.30%,23.90%,"348,933",81.70%,x,Romney,Trump,Likely R,
250,Iowa,4,-11,Steve King,R,"147,246","157,676","8,329",47.00%,50.30%,2.70%,-3.30%,-27.10%,23.80%,"383,739",81.60%,x,Romney,Trump,Likely R,
259,Montana,AL,-11,Greg Gianforte,R,"233,284","256,661","14,476",46.20%,50.90%,2.90%,-4.60%,-20.40%,15.80%,"497,119",101.50%,x,Romney,Trump,Likely R,
283,Indiana,2,-11,Jackie Walorski,R,"103,363","125,499",27,45.20%,54.80%,0.00%,-9.70%,-23.00%,13.30%,"277,734",82.40%,x,Romney,Trump,Solid R,
251,California,50,-11,Duncan Hunter,R,"125,448","134,362",0,48.30%,51.70%,0.00%,-3.40%,-15.00%,11.60%,"292,878",88.70%,x,Romney,Trump,Likely R,
284,California,1,-11,Doug LaMalfa,R,"131,548","160,046",0,45.10%,54.90%,0.00%,-9.80%,-19.40%,9.60%,"318,397",91.60%,x,Romney,Trump,Likely R,
280,Texas,25,-11,Roger Williams,R,"136,385","163,023","5,145",44.80%,53.50%,1.70%,-8.70%,-14.70%,6.00%,"315,361",96.60%,x,Romney,Trump,Solid R,
317,Oregon,2,-11,Greg Walden,R,"145,298","207,597","15,814",39.40%,56.30%,4.30%,-16.90%,-19.40%,2.50%,"394,121",93.60%,x,Romney,Trump,Solid R,
273,Texas,2,-11,Dan Crenshaw,R,"119,992","139,188","4,212",45.60%,52.80%,1.60%,-7.30%,-9.20%,1.90%,"279,891",94.10%,x,Romney,Trump,Likely R,
336,Nebraska,1,-11,Jeff Fortenberry,R,"93,069","141,712",0,39.60%,60.40%,0.00%,-20.70%,-20.70%,0.00%,"282,363",83.10%,x,Romney,Trump,Solid R,
338,Florida,8,-11,Bill Posey,R,"142,415","218,112",0,39.50%,60.50%,0.00%,-21.00%,-20.70%,-0.30%,"401,911",89.70%,x,Romney,Trump,Solid R,
361,Ohio,5,-11,Bob Latta,R,"99,655","176,569","7,393",35.10%,62.30%,2.60%,-27.10%,-24.90%,-2.20%,"361,856",78.40%,x,Romney,Trump,Solid R,
242,Kansas,2,-10,Steve Watkins,R,"123,859","126,098","14,731",46.80%,47.60%,5.60%,-0.80%,-18.30%,17.50%,"296,810",89.20%,x,Romney,Trump,Lean D,
229,Oklahoma,5,-10,Kendra Horn,D,"121,149","117,811",0,50.70%,49.30%,0.00%,1.40%,-13.70%,15.10%,"280,761",85.10%,x,Romney,Trump,Likely R,
230,South Carolina,1,-10,Joe Cunningham,D,"145,455","141,473",505,50.60%,49.20%,0.20%,1.40%,-12.70%,14.10%,"336,570",85.40%,x,Romney,Trump,Likely R,
247,Texas,31,-10,John Carter,R,"136,362","144,680","4,965",47.70%,50.60%,1.70%,-2.90%,-12.50%,9.60%,"292,427",97.80%,x,Romney,Trump,Likely R,
245,Texas,21,-10,Chip Roy,R,"168,421","177,654","7,542",47.60%,50.20%,2.10%,-2.60%,-9.90%,7.30%,"362,694",97.50%,x,Romney,Trump,Likely R,
277,California,4,-10,Tom McClintock,R,"156,253","184,401",0,45.90%,54.10%,0.00%,-8.30%,-14.50%,6.20%,"360,284",94.60%,x,Romney,Trump,Likely R,
309,North Carolina,5,-10,Virginia Foxx,R,"120,468","159,917",0,43.00%,57.00%,0.00%,-14.10%,-17.30%,3.20%,"362,862",77.30%,x,Romney,Trump,Solid R,
260,Texas,22,-10,Pete Olson,R,"138,153","152,750","6,502",46.50%,51.40%,2.20%,-4.90%,-7.80%,2.90%,"308,653",96.40%,x,Romney,Trump,Likely R,
355,Michigan,4,-10,John Moolenaar,R,"106,540","178,510",0,37.40%,62.60%,0.00%,-25.20%,-24.80%,-0.40%,"328,832",86.70%,x,Romney,Trump,Solid R,
434,California,8,-9,Paul Cook,R,0,"170,785",0,0.00%,100.00%,0.00%,-100.00%,-15.10%,N/A,"232,930",73.30%,x,Romney,Trump,Solid R,
249,Kentucky,6,-9,Andy Barr,R,"144,736","154,468","3,684",47.80%,51.00%,1.20%,-3.20%,-15.30%,12.10%,"333,174",90.90%,x,Romney,Trump,Toss Up,
298,Michigan,1,-9,Jack Bergman,R,"145,246","187,251",0,43.70%,56.30%,0.00%,-12.60%,-21.30%,8.70%,"364,608",91.20%,x,Romney,Trump,Solid R,
272,Alaska,AL,-9,Don Young,R,"131,199","149,779","1,188",46.50%,53.10%,0.40%,-6.60%,-14.70%,8.10%,"318,608",88.60%,x,Romney,Trump,Lean R,
236,Georgia,7,-9,Rob Woodall,R,"140,010","140,443",0,49.90%,50.10%,0.00%,-0.20%,-6.40%,6.20%,"294,972",95.10%,x,Romney,Trump,Likely R,
296,Michigan,2,-9,Bill Huizenga,R,"131,254","168,970","5,239",43.00%,55.30%,1.70%,-12.30%,-17.30%,5.00%,"350,571",87.10%,x,Romney,Trump,Solid R,
299,North Carolina,7,-9,David Rouzer,R,"120,838","156,809","4,665",42.80%,55.50%,1.70%,-12.70%,-17.70%,5.00%,"361,079",78.20%,x,Romney,Trump,Likely R,
255,Texas,10,-9,Michael McCaul,R,"144,034","157,166","6,627",46.80%,51.10%,2.20%,-4.30%,-9.10%,4.80%,"317,561",96.90%,x,Romney,Trump,Solid R,
275,Texas,6,-9,Ron Wright,R,"116,350","135,961","3,731",45.40%,53.10%,1.50%,-7.70%,-12.20%,4.50%,"276,953",92.40%,x,Romney,Trump,Solid R,
248,Texas,24,-9,Kenny Marchant,R,"125,231","133,317","4,870",47.50%,50.60%,1.80%,-3.10%,-6.20%,3.10%,"277,497",94.90%,x,Romney,Trump,Solid R,
313,South Carolina,5,-9,Ralph Norman,R,"103,129","141,757","3,693",41.50%,57.00%,1.50%,-15.50%,-18.50%,3.00%,"306,561",81.10%,x,Romney,Trump,Solid R,
303,North Carolina,6,-9,Mark Walker,R,"123,651","160,709",0,43.50%,56.50%,0.00%,-13.00%,-14.60%,1.60%,"362,448",78.50%,x,Romney,Trump,Solid R,
310,Florida,3,-9,Ted Yoho,R,"129,880","176,616",0,42.40%,57.60%,0.00%,-15.20%,-16.00%,0.80%,"351,688",87.10%,x,Romney,Trump,Solid R,
311,Georgia,1,-9,Buddy Carter,R,"105,942","144,741",0,42.30%,57.70%,0.00%,-15.50%,-15.50%,0.00%,"269,568",93.00%,x,Romney,Trump,Solid R,
315,Ohio,2,-9,Brad Wenstrup,R,"119,333","166,714","3,614",41.20%,57.60%,1.20%,-16.40%,-16.00%,-0.40%,"355,991",81.40%,x,Romney,Trump,Solid R,
286,Arizona,6,-9,David Schweikert,R,"140,559","173,140",0,44.80%,55.20%,0.00%,-10.40%,-9.80%,-0.60%,"343,997",91.20%,x,Romney,Trump,Solid R,
330,South Carolina,7,-9,Tom Rice,R,"96,564","142,681",309,40.30%,59.60%,0.10%,-19.30%,-18.70%,-0.60%,"299,421",80.00%,x,Romney,Trump,Solid R,
302,California,42,-9,Ken Calvert,R,"100,892","131,040",0,43.50%,56.50%,0.00%,-13.00%,-12.00%,-1.00%,"268,305",86.40%,x,Romney,Trump,Solid R,
305,Indiana,5,-9,Susan Brooks,R,"137,142","180,035",0,43.20%,56.80%,0.00%,-13.50%,-11.70%,-1.80%,"366,635",86.50%,x,Romney,Trump,Solid R,
329,Georgia,12,-9,Rick Allen,R,"101,503","148,986",3,40.50%,59.50%,0.00%,-19.00%,-16.20%,-2.80%,"267,675",93.60%,x,Romney,Trump,Solid R,
256,Pennsylvania,16,-8,Mike Kelly,R,"124,109","135,348","2,939",47.30%,51.60%,1.10%,-4.30%,-19.90%,15.60%,"323,079",81.20%,x,Romney,Trump,Likely R,
237,North Carolina,9,-8,Undecided,R,"138,341","139,246","5,130",48.90%,49.30%,1.80%,-0.30%,-12.00%,11.70%,"347,478",81.40%,,Romney,Trump,Toss Up,
252,Missouri,2,-8,Ann Wagner,R,"177,611","192,477","5,978",47.20%,51.20%,1.60%,-4.00%,-10.30%,6.30%,"421,541",89.20%,x,Romney,Trump,Likely R,
292,Wisconsin,6,-8,Glenn Grothman,R,"144,536","180,311",0,44.50%,55.50%,0.00%,-11.00%,-16.60%,5.60%,"371,109",87.50%,x,Romney,Trump,Solid R,
289,North Carolina,8,-8,Richard Hudson,R,"114,119","141,402",0,44.70%,55.30%,0.00%,-10.70%,-14.80%,4.10%,"334,724",76.30%,x,Romney,Trump,Likely R,
263,California,22,-8,Devin Nunes,R,"105,136","117,243",0,47.30%,52.70%,0.00%,-5.40%,-9.30%,3.90%,"243,929",91.20%,x,Romney,Trump,Solid R,
282,Washington,5,-8,Cathy McMorris Rodgers,R,"144,925","175,422",0,45.20%,54.80%,0.00%,-9.50%,-13.00%,3.50%,"319,560",100.20%,x,Romney,Trump,Likely R,
304,Ohio,16,-8,Anthony Gonzalez,R,"129,681","170,029",0,43.30%,56.70%,0.00%,-13.50%,-16.60%,3.10%,"369,434",81.10%,x,Romney,Trump,Solid R,
233,Georgia,6,-8,Lucy McBath,D,"160,139","156,875",18,50.50%,49.50%,0.00%,1.00%,-1.50%,2.50%,"331,262",95.70%,x,Romney,Trump,Toss Up,
295,New Jersey,4,-8,Chris Smith,R,"126,766","163,065","4,517",43.10%,55.40%,1.50%,-12.30%,-14.80%,2.50%,"356,593",82.50%,x,Romney,Trump,Solid R,
287,Virginia,1,-8,Rob Wittman,R,"148,464","183,250",387,44.70%,55.20%,0.10%,-10.50%,-12.40%,1.90%,"395,784",83.90%,x,Romney,Trump,Solid R,
323,Florida,12,-8,Gus Bilirakis,R,"132,844","194,564","7,510",39.70%,58.10%,2.20%,-18.40%,-18.60%,0.20%,"380,363",88.10%,x,Romney,Trump,Solid R,
322,Illinois,16,-8,Adam Kinzinger,R,"104,569","151,254",2,40.90%,59.10%,0.00%,-18.20%,-17.10%,-1.10%,"318,212",80.40%,x,Romney,Trump,Solid R,
341,Wisconsin,7,-8,Sean Duffy,R,"124,307","194,061","4,419",38.50%,60.10%,1.40%,-21.60%,-20.30%,-1.30%,"373,201",86.50%,x,Romney,Trump,Solid R,
274,Michigan,7,-7,Tim Walberg,R,"136,330","158,730",0,46.20%,53.80%,0.00%,-7.60%,-17.00%,9.40%,"340,831",86.60%,x,Romney,Trump,Likely R,
254,Ohio,12,-7,Troy Balderson,R,"161,251","175,677","4,719",47.20%,51.40%,1.40%,-4.20%,-11.40%,7.20%,"388,602",87.90%,x,Romney,Trump,Lean R,
264,North Carolina,2,-7,George Holding,R,"151,977","170,072","9,655",45.80%,51.30%,2.90%,-5.50%,-11.50%,6.00%,"397,196",83.50%,x,Romney,Trump,Likely R,
270,Arkansas,2,-7,French Hill,R,"116,135","132,125","5,193",45.80%,52.10%,2.00%,-6.30%,-10.70%,4.40%,"306,974",82.60%,x,Romney,Trump,Likely R,
297,Florida,6,-7,Michael Waltz,R,"145,758","187,891",0,43.70%,56.30%,0.00%,-12.60%,-17.00%,4.40%,"379,798",87.80%,x,Romney,Trump,Likely R,
213,Texas,7,-7,Lizzie Fletcher,D,"127,959","115,642",0,52.50%,47.50%,0.00%,5.10%,1.40%,3.70%,"258,953",94.10%,x,Romney,Clinton,Toss Up,
281,Florida,16,-7,Vern Buchanan,R,"164,463","197,483",0,45.40%,54.60%,0.00%,-9.10%,-10.80%,1.70%,"396,807",91.20%,x,Romney,Trump,Likely R,
326,Ohio,15,-7,Steve Stivers,R,"116,112","170,593","5,738",39.70%,58.30%,2.00%,-18.60%,-15.60%,-3.00%,"356,990",81.90%,x,Romney,Trump,Solid R,
316,Nevada,2,-7,Mark Amodei,R,"120,102","167,435",0,41.80%,58.20%,0.00%,-16.50%,-12.40%,-4.10%,"326,011",88.20%,x,Romney,Trump,Solid R,
362,Wisconsin,8,-7,Mike Gallagher,R,"119,265","209,410",0,36.30%,63.70%,0.00%,-27.40%,-17.40%,-10.00%,"372,434",88.30%,x,Romney,Trump,Solid R,
227,New York,22,-6,Anthony Brindisi,D,"127,715","123,242",0,50.90%,49.10%,0.00%,1.80%,-15.30%,17.10%,"293,033",85.60%,x,Romney,Trump,Lean D,
226,New Mexico,2,-6,Xochitl Torres Small,D,"101,489","97,767",0,50.90%,49.10%,0.00%,1.90%,-10.20%,12.10%,"234,090",85.10%,x,Romney,Trump,Toss Up,
225,Virginia,7,-6,Abigail Spanberger,D,"176,079","169,295","4,429",50.30%,48.40%,1.30%,1.90%,-6.50%,8.40%,"394,763",88.60%,x,Romney,Trump,Toss Up,
246,Pennsylvania,10,-6,Scott Perry,R,"141,668","149,365",0,48.70%,51.30%,0.00%,-2.60%,-8.90%,6.30%,"346,108",84.10%,x,Romney,Trump,Lean R,
278,New York,23,-6,Tom Reed,R,"109,932","130,323",0,45.80%,54.20%,0.00%,-8.50%,-14.70%,6.20%,"293,287",81.90%,x,Romney,Trump,Likely R,
271,Virginia,5,-6,Denver Riggleman,R,"145,040","165,339",547,46.60%,53.20%,0.20%,-6.50%,-11.00%,4.50%,"367,564",84.60%,x,Romney,Trump,Lean R,
267,Florida,15,-6,Ross Spano,R,"134,132","151,380",20,47.00%,53.00%,0.00%,-6.00%,-10.00%,4.00%,"334,514",85.40%,x,Romney,Trump,Lean R,
276,Colorado,3,-6,Scott Tipton,R,"146,426","173,205","16,570",43.60%,51.50%,4.90%,-8.00%,-11.90%,3.90%,"377,176",89.10%,x,Romney,Trump,Likely R,
266,North Carolina,13,-6,Ted Budd,R,"130,402","147,570","8,344",45.50%,51.50%,2.90%,-6.00%,-9.20%,3.20%,"368,114",77.80%,x,Romney,Trump,Lean R,
293,Michigan,3,-6,Justin Amash,R,"134,185","169,107","7,448",43.20%,54.40%,2.40%,-11.20%,-9.40%,-1.80%,"349,707",88.90%,x,Romney,Trump,Solid R,
240,Minnesota,1,-5,Jim Hagedorn,R,"144,885","146,200",576,49.70%,50.10%,0.20%,-0.50%,-14.80%,14.30%,"343,735",84.90%,x,Obama ,Trump,Toss Up,
216,Illinois,14,-5,Lauren Underwood,D,"156,035","141,164",0,52.50%,47.50%,0.00%,5.00%,-4.00%,9.00%,"338,514",87.80%,x,Romney,Trump,Lean D,
268,Illinois,12,-5,Mike Bost,R,"118,724","134,884","7,935",45.40%,51.60%,3.00%,-6.20%,-14.80%,8.60%,"316,371",82.70%,x,Obama ,Trump,Likely R,
253,New York,1,-5,Lee Zeldin,R,"127,991","139,027","2,988",47.40%,51.50%,1.10%,-4.10%,-12.20%,8.10%,"339,160",79.60%,x,Obama ,Trump,Solid R,
208,Texas,32,-5,Colin Allred,D,"144,067","126,101","5,452",52.30%,45.80%,2.00%,6.50%,1.90%,4.60%,"278,463",99.00%,x,Romney,Clinton,Toss Up,
257,Ohio,1,-5,Steve Chabot,R,"141,118","154,409","5,344",46.90%,51.30%,1.80%,-4.40%,-6.60%,2.20%,"362,141",83.10%,x,Romney,Trump,Likely R,
288,Ohio,14,-5,David Joyce,R,"137,549","169,809",0,44.80%,55.20%,0.00%,-10.50%,-11.40%,0.90%,"370,746",82.90%,x,Romney,Trump,Likely R,
279,Florida,18,-5,Brian Mast,R,"156,454","185,905",0,45.70%,54.30%,0.00%,-8.60%,-9.20%,0.60%,"382,476",89.50%,x,Romney,Trump,Likely R,
294,Wisconsin,1,-5,Bryan Steil,R,"137,508","177,492","10,013",42.30%,54.60%,3.10%,-12.30%,-10.30%,-2.00%,"359,815",90.30%,x,Romney,Trump,Likely R,
207,Michigan,11,-4,Haley St0s,D,"181,912","158,463","10,526",51.80%,45.20%,3.00%,6.70%,-4.40%,11.10%,"392,959",89.30%,x,Romney,Trump,Likely D,
221,Michigan,8,-4,Elissa Slotkin,D,"172,880","159,782","8,931",50.60%,46.80%,2.60%,3.80%,-6.70%,10.50%,"377,432",90.50%,x,Romney,Trump,Lean D,
265,Minnesota,8,-4,Pete Stauber,R,"141,950","159,364","12,897",45.20%,50.70%,4.10%,-5.50%,-15.50%,10.00%,"362,341",86.70%,x,Obama ,Trump,Likely R,
196,Kansas,3,-4,Sharice Davids,D,"170,518","139,762","8,021",53.60%,43.90%,2.50%,9.70%,1.20%,8.50%,"344,468",92.40%,x,Romney,Clinton,Likely D,
206,California,48,-4,Harley Rouda,D,"157,837","136,899",0,53.60%,46.40%,0.00%,7.10%,1.70%,5.40%,"320,018",92.10%,x,Romney,Clinton,Lean D,
258,Michigan,6,-4,Fred Upton,R,"134,082","147,436","11,920",45.70%,50.20%,4.10%,-4.60%,-8.40%,3.80%,"332,772",88.20%,x,Romney,Trump,Likely R,
262,Washington,3,-4,Jaime Herrera Beutler,R,"145,407","161,819",0,47.30%,52.70%,0.00%,-5.30%,-7.40%,2.10%,"315,150",97.50%,x,Romney,Trump,Likely R,
243,Nebraska,2,-4,Don Bacon,R,"121,770","126,715",0,49.00%,51.00%,0.00%,-2.00%,-2.20%,0.20%,"291,680",85.20%,x,Romney,Trump,Lean R,
306,New York,21,-4,Elise Stefanik,R,"99,791","131,981","3,437",42.40%,56.10%,1.50%,-13.70%,-13.70%,0.00%,"283,447",83.00%,x,Obama ,Trump,Likely R,
307,Ohio,10,-4,Mike Turner,R,"118,785","157,554","5,387",42.20%,55.90%,1.90%,-13.80%,-7.20%,-6.60%,"350,299",80.40%,x,Romney,Trump,Likely R,
337,Florida,25,-4,Mario Diaz-Balart,R,"84,173","128,672",0,39.50%,60.50%,0.00%,-20.90%,-1.90%,-19.00%,"263,235",80.90%,x,Romney,Trump,Likely R,
209,New York,11,-3,Max Rose,D,"101,823","89,441",774,53.00%,46.60%,0.40%,6.40%,-9.80%,16.20%,"250,083",76.80%,x,Obama ,Trump,Likely R,
181,New Jersey,11,-3,Mikie Sherrill,D,"183,684","136,322","3,568",56.80%,42.10%,1.10%,14.60%,-0.90%,15.50%,"380,521",85.00%,x,Romney,Trump,Likely D,
187,Pennsylvania,17,-3,Conor Lamb,D,"183,162","142,417",0,56.30%,43.70%,0.00%,12.50%,-2.50%,15.00%,"380,743",85.50%,x,Obama ,Trump,Solid D,
182,New Jersey,5,-3,Josh Gottheimer,D,"169,546","128,255","4,022",56.20%,42.50%,1.30%,13.70%,-1.10%,14.80%,"364,545",82.80%,x,Romney,Trump,Solid D,
223,Virginia,2,-3,Elaine Luria,D,"139,571","133,458",371,51.10%,48.80%,0.10%,2.20%,-3.40%,5.60%,"326,766",83.70%,x,Romney,Trump,Toss Up,
241,Illinois,13,-3,Rodney Davis,R,"134,458","136,516",7,49.60%,50.40%,0.00%,-0.80%,-5.30%,4.50%,"324,539",83.50%,x,Romney,Trump,Likely R,
215,New Jersey,7,-3,Tom Malinowski,D,"166,985","150,785","4,972",51.70%,46.70%,1.50%,5.00%,1.10%,3.90%,"371,585",86.90%,x,Romney,Clinton,Likely D,
269,New York,2,-3,Peter King,R,"113,074","128,058",0,46.90%,53.10%,0.00%,-6.20%,-8.90%,2.70%,"315,405",76.50%,x,Obama ,Trump,Likely R,
220,California,45,-3,Katie Porter,D,"158,906","146,383",0,52.10%,47.90%,0.00%,4.10%,5.40%,-1.30%,"329,144",92.80%,x,Romney,Clinton,Lean D,
212,New York,19,-2,Antonio Delgado,D,"147,873","132,873","7,148",51.40%,46.20%,2.50%,5.20%,-6.80%,12.00%,"322,826",89.20%,x,Obama ,Trump,Lean D,
232,Maine,2,-2,Jared Golden,D,"142,440","138,931",0,50.60%,49.40%,0.00%,1.20%,-10.30%,11.50%,"353,416",79.60%,x,Obama ,Trump,Lean D,
199,Nevada,3,-2,Susie Lee,D,"148,501","122,566","15,101",51.90%,42.80%,5.30%,9.10%,-1.00%,10.10%,"325,601",87.90%,x,Obama ,Trump,Likely D,
201,New Hampshire,1,-2,Chris Pappas,D,"155,891","131,015","4,160",53.60%,45.00%,1.40%,8.50%,-1.60%,10.10%,"377,574",77.10%,x,Obama ,Trump,Likely D,
203,Arizona,1,-2,Tom O'Halleran,D,"143,240","122,784",65,53.80%,46.10%,0.00%,7.70%,-1.10%,8.80%,"289,086",92.00%,x,Romney,Trump,Likely D,
231,New Jersey,3,-2,Andy Kim,D,"153,473","149,500","3,902",50.00%,48.70%,1.30%,1.30%,-6.20%,7.50%,"365,276",84.00%,x,Obama ,Trump,Lean D,
211,Minnesota,2,-2,Angie Craig,D,"177,958","159,344",666,52.70%,47.10%,0.20%,5.50%,-1.20%,6.70%,"381,647",88.60%,x,Obama ,Trump,Likely D,
205,Illinois,6,-2,Sean Casten,D,"169,001","146,445",0,53.60%,46.40%,0.00%,7.20%,6.80%,0.40%,"355,920",88.60%,x,Romney,Clinton,Lean D,
198,Pennsylvania,8,-1,Matt Cartwright,D,"135,603","112,563",0,54.60%,45.40%,0.00%,9.30%,-9.50%,18.80%,"310,154",80.00%,x,Obama ,Trump,Solid D,
193,New York,18,-1,Sean Patrick Maloney,D,"139,564","112,035",0,55.50%,44.50%,0.00%,10.90%,-2.00%,12.90%,"312,199",80.60%,x,Obama ,Trump,Solid D,
204,New Jersey,2,-1,Jeff Van Drew,D,"136,685","116,866","4,812",52.90%,45.20%,1.90%,7.70%,-4.60%,12.30%,"321,018",80.50%,x,Obama ,Trump,Solid D,
224,Iowa,3,-1,Cindy Axne,D,"175,642","167,933","12,666",49.30%,47.10%,3.60%,2.20%,-3.50%,5.70%,"402,164",88.60%,x,Obama ,Trump,Lean D,
185,California,49,-1,Mike Levin,D,"166,453","128,577",0,56.40%,43.60%,0.00%,12.80%,7.50%,5.30%,"314,717",93.70%,x,Romney,Clinton,Solid D,
197,Arizona,2,-1,Ann Kirkpatrick,D,"161,000","133,083",69,54.70%,45.20%,0.00%,9.50%,4.80%,4.70%,"321,540",91.50%,x,Romney,Clinton,Solid D,
239,Texas,23,-1,Will Hurd,R,"102,359","103,285","4,425",48.70%,49.20%,2.10%,-0.40%,3.50%,-3.90%,"233,136",90.10%,x,Obama ,Clinton,Likely R,
244,Pennsylvania,1,-1,Brian Fitzpatrick,R,"160,745","169,053",0,48.70%,51.30%,0.00%,-2.50%,2.00%,-4.50%,"385,727",85.50%,x,Obama ,Clinton,Toss Up,
165,Wisconsin,3,0,Ron Kind,D,"187,888","126,980",0,59.70%,40.30%,0.00%,19.30%,-4.50%,23.80%,"363,271",86.70%,x,Obama ,Trump,Solid D,
179,Oregon,4,0,Peter DeFazio,D,"208,710","152,414","11,769",56.00%,40.90%,3.20%,15.10%,0.10%,15.00%,"406,334",91.80%,x,Obama ,Clinton,Solid D,
183,Oregon,5,0,Kurt Schrader,D,"197,187","149,887","11,395",55.00%,41.80%,3.20%,13.20%,4.10%,9.10%,"389,153",92.10%,x,Obama ,Clinton,Likely D,
177,Florida,7,0,Stephanie Murphy,D,"183,113","134,285",0,57.70%,42.30%,0.00%,15.40%,7.30%,8.10%,"363,186",87.40%,x,Obama ,Clinton,Solid D,
200,California,25,0,Katie Hill,D,"133,209","111,813",0,54.40%,45.60%,0.00%,8.70%,6.60%,2.10%,"274,459",89.30%,x,Romney,Clinton,Toss Up,
217,Washington,8,0,Kim Schrier,D,"164,089","148,968",0,52.40%,47.60%,0.00%,4.80%,3.00%,1.80%,"320,558",97.70%,x,Obama ,Clinton,Lean D,
218,California,10,0,Josh Harder,D,"115,945","105,955",0,52.30%,47.70%,0.00%,4.50%,3.00%,1.50%,"243,067",91.30%,x,Obama ,Clinton,Lean D,
222,California,39,0,Gil Cisneros,D,"126,002","118,391",0,51.60%,48.40%,0.00%,3.10%,8.50%,-5.40%,"274,379",89.10%,x,Romney,Clinton,Toss Up,
189,Iowa,2,1,Dave Loebsack,D,"171,446","133,287","8,180",54.80%,42.60%,2.60%,12.20%,-4.10%,16.30%,"384,495",81.40%,x,Obama ,Trump,Solid D,
171,New York,3,1,Tom Suozzi,D,"157,456","109,514",0,59.00%,41.00%,0.00%,18.00%,6.10%,11.90%,"348,146",76.70%,x,Obama ,Clinton,Solid D,
195,Pennsylvania,7,1,Susan Wild,D,"140,813","114,437","8,011",53.50%,43.50%,3.00%,10.00%,1.10%,8.90%,"329,510",79.90%,x,Obama ,Clinton,Likely D,
214,Iowa,1,1,Abby Finkenauer,D,"170,342","153,442","10,459",51.00%,45.90%,3.10%,5.10%,-3.50%,8.60%,"395,633",84.50%,x,Obama ,Trump,Likely D,
188,Virginia,10,1,Jennifer Wexton,D,"206,356","160,841",598,56.10%,43.70%,0.20%,12.40%,9.80%,2.60%,"408,608",90.00%,x,Romney,Clinton,Likely D,
191,Minnesota,3,1,Dean Phillips,D,"202,404","160,839",706,55.60%,44.20%,0.20%,11.40%,9.40%,2.00%,"401,670",90.60%,x,Obama ,Clinton,Likely D,
178,Florida,13,2,Charlie Crist,D,"182,717","134,254",0,57.60%,42.40%,0.00%,15.30%,3.20%,12.10%,"360,760",87.90%,x,Obama ,Clinton,Solid D,
186,New Hampshire,2,2,Annie Kuster,D,"154,378","118,670","6,357",55.30%,42.50%,2.30%,12.80%,2.40%,10.40%,"366,722",76.20%,x,Obama ,Clinton,Solid D,
169,California,36,2,Raul Ruiz,D,"122,169","84,839",0,59.00%,41.00%,0.00%,18.00%,8.70%,9.30%,"237,370",87.20%,x,Obama ,Clinton,Solid D,
172,Pennsylvania,6,2,Chrissy Houlahan,D,"177,704","124,124",0,58.90%,41.10%,0.00%,17.80%,9.30%,8.50%,"353,374",85.40%,x,Obama ,Clinton,Solid D,
190,Connecticut,5,2,Jahana Hayes,D,"151,225","119,426",13,55.90%,44.10%,0.00%,11.70%,4.10%,7.60%,"323,202",83.70%,x,Obama ,Clinton,Solid D,
192,Colorado,6,2,Jason Crow,D,"187,639","148,685","10,498",54.10%,42.90%,3.00%,11.20%,8.90%,2.30%,"380,530",91.10%,x,Obama ,Clinton,Likely D,
150,Illinois,17,3,Cheri Bustos,D,"142,659","87,090",0,62.10%,37.90%,0.00%,24.20%,-0.70%,24.90%,"283,713",81.00%,x,Obama ,Trump,Solid D,
143,Connecticut,2,3,Joe Courtney,D,"179,731","102,483","6,900",62.20%,35.40%,2.40%,26.70%,2.90%,23.80%,"341,409",84.70%,x,Obama ,Clinton,Solid D,
202,Nevada,4,3,St0 Horsford,D,"121,962","102,748","10,158",51.90%,43.70%,4.30%,8.20%,4.90%,3.30%,"276,932",84.80%,x,Obama ,Clinton,Likely D,
194,California,7,3,Ami Bera,D,"155,016","126,601",0,55.00%,45.00%,0.00%,10.10%,11.20%,-1.10%,"309,549",91.00%,x,Obama ,Clinton,Solid D,
261,New York,24,3,John Katko,R,"123,226","136,920",0,47.40%,52.60%,0.00%,-5.30%,3.60%,-8.90%,"310,431",83.80%,x,Obama ,Clinton,Likely R,
155,Michigan,9,4,Andy Levin,D,"181,734","112,123","10,706",59.70%,36.80%,3.50%,22.90%,7.70%,15.20%,"355,063",85.80%,x,Obama ,Clinton,Solid D,
157,New York,4,4,Kathleen Rice,D,"159,535","100,571",0,61.30%,38.70%,0.00%,22.70%,9.50%,13.20%,"339,434",76.60%,x,Obama ,Clinton,Solid D,
167,Massachusetts,9,4,Bill Keating,D,"192,347","131,463",118,59.40%,40.60%,0.00%,18.80%,10.60%,8.20%,"397,353",81.50%,x,Obama ,Clinton,Solid D,
160,Arizona,9,4,Greg Stanton,D,"159,583","101,662",0,61.10%,38.90%,0.00%,22.20%,15.90%,6.30%,"290,237",90.00%,x,Obama ,Clinton,Solid D,
153,Michigan,5,5,Daniel Kildee,D,"164,502","99,265","12,646",59.50%,35.90%,4.60%,23.60%,4.30%,19.30%,"327,971",84.30%,x,Obama ,Clinton,Solid D,
154,Washington,10,5,Denny Heck,D,"166,215","103,860",0,61.50%,38.50%,0.00%,23.10%,11.30%,11.80%,"294,847",91.60%,x,Obama ,Clinton,Solid D,
175,California,3,5,John Garamendi,D,"134,875","97,376",0,58.10%,41.90%,0.00%,16.10%,12.50%,3.60%,"263,803",88.00%,x,Obama ,Clinton,Solid D,
176,Florida,9,5,Darren Soto,D,"172,172","124,565",0,58.00%,42.00%,0.00%,16.00%,12.90%,3.10%,"356,530",83.20%,x,Obama ,Clinton,Solid D,
210,Florida,27,5,Donna Shalala,D,"130,743","115,588","6,255",51.80%,45.80%,2.50%,6.00%,19.70%,-13.70%,"299,037",84.50%,x,Obama ,Clinton,Likely D,
234,California,21,5,T.J. Cox,D,"57,239","56,377",0,50.40%,49.60%,0.00%,0.80%,15.40%,-14.60%,"134,881",84.20%,x,Obama ,Clinton,Likely R,
87,Illinois,3,6,Dan Lipinski,D,"163,053","57,885","2,396",73.00%,25.90%,1.10%,47.10%,15.40%,31.70%,"286,582",77.90%,x,Obama ,Clinton,Solid D,
141,Rhode Island,2,6,Jim Langevin,D,"126,476","72,271",450,63.50%,36.30%,0.20%,27.20%,6.80%,20.40%,"243,211",81.90%,x,Obama ,Clinton,Solid D,
133,Delaware,AL,6,Lisa Blunt Rochester,D,"227,353","125,384",0,64.50%,35.50%,0.00%,28.90%,11.40%,17.50%,"442,997",79.60%,x,Obama ,Clinton,Solid D,
118,Massachusetts,6,6,Seth Moulton,D,"217,703","104,798","11,474",65.20%,31.40%,3.40%,33.80%,17.60%,16.20%,"407,896",81.90%,x,Obama ,Clinton,Solid D,
136,Washington,6,6,Derek Kilmer,D,"206,409","116,677",0,63.90%,36.10%,0.00%,27.80%,12.40%,15.40%,"333,450",96.90%,x,Obama ,Clinton,Solid D,
149,Colorado,7,6,Ed Perlmutter,D,"204,260","119,734","14,073",60.40%,35.40%,4.20%,25.00%,12.10%,12.90%,"371,934",90.90%,x,Obama ,Clinton,Solid D,
148,Kentucky,3,6,John Yarmuth,D,"173,002","101,930","3,788",62.10%,36.60%,1.40%,25.50%,14.90%,10.60%,"340,045",82.00%,x,Obama ,Clinton,Solid D,
151,Florida,22,6,Ted Deutch,D,"184,634","113,049",0,62.00%,38.00%,0.00%,24.00%,15.70%,8.30%,"356,478",83.50%,x,Obama ,Clinton,Solid D,
166,Georgia,2,6,Sanford Bishop,D,"136,699","92,472",0,59.60%,40.40%,0.00%,19.30%,11.70%,7.60%,"248,104",92.40%,x,Obama ,Clinton,Solid D,
162,Maryland,6,6,David Trone,D,"163,346","105,209","8,529",59.00%,38.00%,3.10%,21.00%,15.40%,5.60%,"337,363",82.10%,x,Obama ,Clinton,Solid D,
138,California,52,6,Scott Peters,D,"188,992","107,015",0,63.80%,36.20%,0.00%,27.70%,22.60%,5.10%,"329,258",89.90%,x,Obama ,Clinton,Solid D,
168,Washington,1,6,Suzan DelBene,D,"197,209","135,534",0,59.30%,40.70%,0.00%,18.50%,16.40%,2.10%,"347,060",95.90%,x,Obama ,Clinton,Solid D,
228,Florida,26,6,Debbie Mucarsel-Powell,D,"119,797","115,678",0,50.90%,49.10%,0.00%,1.70%,16.30%,-14.60%,"289,209",81.40%,x,Obama ,Clinton,Toss Up,
5,Florida,14,7,Kathy Castor,D,0,0,0,100.00%,0.00%,0.00%,100.00%,18.20%,N/A,"330,427",0.00%,x,Obama ,Clinton,Solid D,
29,New York,17,7,Nita Lowey,D,"170,168",0,"23,150",88.00%,0.00%,12.00%,88.00%,20.00%,N/A,"321,208",60.20%,x,Obama ,Clinton,Solid D,
121,New York,20,7,Paul Tonko,D,"176,811","89,058",0,66.50%,33.50%,0.00%,33.00%,13.30%,19.70%,"329,220",80.80%,x,Obama ,Clinton,Solid D,
113,Tennessee,5,7,Jim Cooper,D,"177,923","84,317",8,67.80%,32.20%,0.00%,35.70%,18.20%,17.50%,"279,441",93.80%,x,Obama ,Clinton,Solid D,
161,Ohio,13,7,Tim Ryan,D,"153,323","98,047",0,61.00%,39.00%,0.00%,22.00%,6.50%,15.50%,"319,864",78.60%,x,Obama ,Clinton,Solid D,
147,Missouri,5,7,Emanuel Cleaver,D,"175,019","101,069","7,697",61.70%,35.60%,2.70%,26.10%,14.80%,11.30%,"327,471",86.70%,x,Obama ,Clinton,Solid,
142,Pennsylvania,4,7,Madeleine Dean,D,"211,524","121,467",0,63.50%,36.50%,0.00%,27.00%,19.40%,7.60%,"382,477",87.10%,x,Obama ,Clinton,Solid D,
156,New Mexico,1,7,Deb Haaland,D,"147,336","90,507","11,319",59.10%,36.30%,4.50%,22.80%,16.50%,6.30%,"285,170",87.40%,x,Obama ,Clinton,Solid D,
163,Texas,15,7,Vicente Gonzalez,D,"98,333","63,862","2,607",59.70%,38.80%,1.60%,20.90%,16.60%,4.30%,"185,819",88.70%,x,Obama ,Clinton,Solid D,
152,California,26,7,Julia Brownley,D,"158,216","97,210",0,61.90%,38.10%,0.00%,23.90%,21.40%,2.50%,"298,769",85.50%,x,Obama ,Clinton,Solid D,
159,Connecticut,4,7,Jim Himes,D,"168,726","106,921",4,61.20%,38.80%,0.00%,22.40%,23.00%,-0.60%,"328,790",83.80%,x,Obama ,Clinton,Solid D,
174,California,24,7,Salud Carbajal,D,"166,550","117,881",0,58.60%,41.40%,0.00%,17.10%,19.90%,-2.80%,"316,384",89.90%,x,Obama ,Clinton,Solid D,
129,Indiana,1,8,Peter Visclosky,D,"159,611","85,594",4,65.10%,34.90%,0.00%,30.20%,12.50%,17.70%,"301,431",81.30%,x,Obama ,Clinton,Solid D,
122,New Mexico,3,8,Ben R. Lujan,D,"155,201","76,427","13,265",63.40%,31.20%,5.40%,32.20%,15.20%,17.00%,"279,058",87.80%,x,Obama ,Clinton,Solid D,
146,Maine,1,8,Chellie Pingree,D,"201,195","111,188","29,670",58.80%,32.50%,8.70%,26.30%,14.80%,11.50%,"394,329",86.70%,x,Obama ,Clinton,Solid D,
123,Illinois,8,8,Raja Krishnamoorthi,D,"130,054","67,073",0,66.00%,34.00%,0.00%,31.90%,21.60%,10.30%,"257,872",76.40%,x,Obama ,Clinton,Solid D,
170,New York,25,8,Joe Morelle,D,"159,244","110,736",0,59.00%,41.00%,0.00%,18.00%,16.20%,1.80%,"333,384",81.00%,x,Obama ,Clinton,Solid D,
173,California,31,8,Pete Aguilar,D,"110,143","77,352",0,58.70%,41.30%,0.00%,17.50%,21.10%,-3.60%,"228,825",81.90%,x,Obama ,Clinton,Solid D,
184,California,9,8,Jerry McNerney,D,"113,414","87,349",0,56.50%,43.50%,0.00%,13.00%,18.20%,-5.20%,"243,453",82.50%,x,Obama ,Clinton,Solid D,
7,Florida,21,9,Lois Frankel,D,0,0,0,100.00%,0.00%,0.00%,100.00%,19.50%,N/A,"351,663",0.00%,x,Obama ,Clinton,Solid D,
18,Massachusetts,4,9,Joe Kennedy,D,"245,289",0,"5,727",97.70%,0.00%,2.30%,97.70%,23.70%,N/A,"388,652",64.60%,x,Obama ,Clinton,Solid D,
32,Texas,28,9,Henry Cuellar,D,"117,494",0,"21,732",84.40%,0.00%,15.60%,84.40%,19.70%,N/A,"190,247",73.20%,x,Obama ,Clinton,Solid D,
117,Massachusetts,2,9,Jim McGovern,D,"191,332","93,391",170,67.20%,32.80%,0.10%,34.40%,19.00%,15.40%,"357,395",79.70%,x,Obama ,Clinton,Solid D,
132,Connecticut,3,9,Rosa DeLauro,D,"174,572","95,667",0,64.60%,35.40%,0.00%,29.20%,15.50%,13.70%,"322,281",83.90%,x,Obama ,Clinton,Solid R,
140,New Jersey,6,9,Frank Pallone,D,"140,752","80,443",0,63.60%,36.40%,0.00%,27.30%,15.60%,11.70%,"289,650",76.40%,x,Obama ,Clinton,Solid D,
124,Oregon,1,9,Suzanne Bonamici,D,"231,198","116,446","15,605",63.60%,32.10%,4.30%,31.60%,21.90%,9.70%,"398,968",91.00%,x,Obama ,Clinton,Safe D,
135,Massachusetts,3,9,Lori Trahan,D,"173,175","93,445","12,707",62.00%,33.50%,4.50%,28.50%,22.50%,6.00%,"354,367",78.80%,x,Obama ,Clinton,Solid D,
145,Colorado,2,9,Joe Neguse,D,"259,608","144,901","26,256",60.30%,33.60%,6.10%,26.60%,21.30%,5.30%,"470,864",91.50%,x,Obama ,Clinton,Solid D,
139,Illinois,11,9,Bill Foster,D,"145,407","82,358",0,63.80%,36.20%,0.00%,27.70%,23.30%,4.40%,"282,906",80.50%,x,Obama ,Clinton,Solid D,
180,California,16,9,Jim Costa,D,"82,266","60,693",0,57.50%,42.50%,0.00%,15.10%,21.30%,-6.20%,"172,088",83.10%,x,Obama ,Clinton,Solid D,
15,Massachusetts,8,10,Stephen Lynch,D,"259,159",0,"4,148",98.40%,0.00%,1.60%,98.40%,25.60%,N/A,"389,135",67.70%,x,Obama ,Clinton,Solid D,
35,Texas,20,10,Joaquin Castro,D,"139,038",0,"32,925",80.90%,0.00%,19.10%,80.90%,26.40%,N/A,"219,982",78.20%,x,Obama ,Clinton,Solid D,
48,Washington,2,10,Rick Larsen,D,"210,187",0,"84,646",71.30%,0.00%,28.70%,71.30%,22.10%,N/A,"327,533",90.00%,x,Obama ,Clinton,Solid D,
144,Virginia,4,10,Don McEachin,D,"187,642","107,706","4,506",62.60%,35.90%,1.50%,26.70%,21.40%,5.30%,"364,550",82.30%,x,Obama ,Clinton,Solid D,
125,Illinois,10,10,Brad Schneider,D,"156,540","82,124",0,65.60%,34.40%,0.00%,31.20%,28.90%,2.30%,"293,238",81.40%,x,Obama ,Clinton,Solid D,
164,Texas,34,10,Filemon Vela,D,"85,825","57,243",0,60.00%,40.00%,0.00%,20.00%,21.50%,-1.50%,"172,183",83.10%,x,Obama ,Clinton,Solid D,
4,Florida,10,11,Val Demings,D,0,0,0,100.00%,0.00%,0.00%,100.00%,26.90%,N/A,"315,611",0.00%,x,Obama ,Clinton,Solid D,
90,New York,26,11,Brian Higgins,D,"169,166","61,488",5,73.30%,26.70%,0.00%,46.70%,19.60%,27.10%,"305,135",75.60%,x,Obama ,Clinton,Solid D,
116,Maryland,2,11,Dutch Ruppersberger,D,"167,201","77,782","8,319",66.00%,30.70%,3.30%,35.30%,21.00%,14.30%,"313,406",80.80%,x,Obama ,Clinton,Solid D,
131,Indiana,7,11,Andre Carson,D,"141,139","76,457",233,64.80%,35.10%,0.10%,29.70%,22.50%,7.20%,"268,048",81.30%,x,Obama ,Clinton,Solid D,
158,Florida,23,11,Debbie Wasserman Schultz,D,"161,611","99,446","15,309",58.50%,36.00%,5.50%,22.50%,26.10%,-3.60%,"335,744",82.30%,x,Obama ,Clinton,Solid D,
19,Massachusetts,1,12,Richard Neal,D,"211,790",0,"5,110",97.60%,0.00%,2.40%,97.60%,20.30%,N/A,"344,412",63.00%,x,Obama ,Clinton,Solid D,
120,Florida,5,12,Al Lawson,D,"180,527","89,799",0,66.80%,33.20%,0.00%,33.60%,25.40%,8.20%,"311,972",86.70%,x,Obama ,Clinton,Solid D,
134,Connecticut,1,12,John Larson,D,"175,087","96,024","3,029",63.90%,35.00%,1.10%,28.80%,23.10%,5.70%,"329,238",83.30%,x,Obama ,Clinton,Solid D,
128,California,41,12,Mark Takano,D,"108,227","58,021",0,65.10%,34.90%,0.00%,30.20%,27.90%,2.30%,"206,961",80.30%,x,Obama ,Clinton,Solid D,
12,Pennsylvania,18,13,Mike Doyle,D,"231,472",0,0,100.00%,0.00%,0.00%,100.00%,26.80%,N/A,"361,913",64.00%,x,Obama ,Clinton,Solid D,
101,Maryland,3,13,John Sarbanes,D,"202,407","82,774","7,699",69.10%,28.30%,2.60%,40.80%,30.90%,9.90%,"345,565",84.80%,x,Obama ,Clinton,Solid D,
126,New Jersey,1,13,Donald Norcross,D,"169,628","87,617","6,173",64.40%,33.30%,2.30%,31.10%,24.50%,6.60%,"329,187",80.00%,x,Obama ,Clinton,Solid D,
127,Pennsylvania,5,13,Mary Gay Scanlon,D,"198,639","106,075",0,65.20%,34.80%,0.00%,30.40%,28.20%,2.20%,"367,453",82.90%,x,Obama ,Clinton,Solid D,
137,Arizona,3,13,Raul Grijalva,D,"114,650","64,868",0,63.90%,36.10%,0.00%,27.70%,29.50%,-1.80%,"211,797",84.80%,x,Obama ,Clinton,Solid D,
130,California,47,13,Alan Lowenthal,D,"143,354","77,682",0,64.90%,35.10%,0.00%,29.70%,31.50%,-1.80%,"259,263",85.30%,x,Obama ,Clinton,Solid D,
47,Mississippi,2,14,Bennie Thompson,D,"158,921",0,"62,458",71.80%,0.00%,28.20%,71.80%,28.40%,N/A,"291,419",76.00%,x,Obama ,Clinton,Solid D,
114,Ohio,9,14,Marcy Kaptur,D,"157,219","74,670",48,67.80%,32.20%,0.00%,35.60%,22.20%,13.40%,"301,656",76.90%,x,Obama ,Clinton,Solid D,
104,Michigan,12,14,Debbie Dingell,D,"200,588","85,115","8,925",68.10%,28.90%,3.00%,39.20%,26.20%,13.00%,"340,042",86.60%,x,Obama ,Clinton,Solid D,
119,Rhode Island,1,14,David Cicilline,D,"116,099","57,567",417,66.70%,33.10%,0.20%,33.60%,24.90%,8.70%,"219,493",79.30%,x,Obama ,Clinton,Solid D,
112,Minnesota,4,14,Betty McCollum,D,"216,865","97,747","14,003",66.00%,29.70%,4.30%,36.20%,30.60%,5.60%,"367,654",89.40%,x,Obama ,Clinton,Solid D,
108,Maryland,8,14,Jamie Raskin,D,"217,679","96,525","5,126",68.20%,30.20%,1.60%,37.90%,33.30%,4.60%,"369,004",86.50%,x,Obama ,Clinton,Solid D,
107,California,53,14,Susan Davis,D,"185,667","83,127",0,69.10%,30.90%,0.00%,38.10%,34.90%,3.20%,"310,373",86.60%,x,Obama ,Clinton,Solid D,
95,Vermont,AL,15,Peter Welch,D,"188,547","70,705","13,199",69.20%,26.00%,4.80%,43.30%,26.40%,16.90%,"315,077",86.50%,x,Obama ,Clinton,Solid D,
93,Texas,35,15,Lloyd Doggett,D,"138,278","50,553","5,236",71.30%,26.00%,2.70%,45.20%,33.30%,11.90%,"202,033",96.10%,x,Obama ,Clinton,Solid D,
115,Nevada,1,15,Dina Titus,D,"100,707","46,978","4,516",66.20%,30.90%,3.00%,35.30%,29.00%,6.30%,"196,841",77.30%,x,Obama ,Clinton,Solid D,
94,Virginia,11,15,Gerry Connolly,D,"219,191","83,023","6,051",71.10%,26.90%,2.00%,44.20%,38.90%,5.30%,"361,492",85.30%,x,Obama ,Clinton,Solid D,
106,California,46,15,Lou Correa,D,"102,278","45,638",0,69.10%,30.90%,0.00%,38.30%,38.00%,0.30%,"182,597",81.00%,x,Obama ,Clinton,Solid D,
2,California,27,16,Judy Chu,D,"202,636",0,0,100.00%,0.00%,0.00%,100.00%,37.60%,N/A,"264,466",76.60%,x,Obama ,Clinton,Solid D,
25,New York,6,16,Grace Meng,D,"111,646",0,"11,209",90.90%,0.00%,9.10%,90.90%,32.80%,N/A,"208,665",58.90%,x,Obama ,Clinton,Solid D,
23,Virginia,3,16,Bobby Scott,D,"198,615",0,"19,107",91.20%,0.00%,8.80%,91.20%,31.50%,N/A,"325,478",66.90%,x,Obama ,Clinton,Solid D,
100,New Jersey,9,16,Bill Pascrell,D,"140,832","57,854","1,730",70.30%,28.90%,0.90%,41.40%,31.20%,10.20%,"276,523",72.50%,x,Obama ,Clinton,Solid D,
96,Maryland,5,16,Steny Hoyer,D,"213,796","82,361","8,052",70.30%,27.10%,2.60%,43.20%,33.80%,9.40%,"365,068",83.30%,x,Obama ,Clinton,Solid D,
111,New Jersey,12,16,Bonnie Watson Coleman,D,"173,334","79,041",0,68.70%,31.30%,0.00%,37.40%,33.20%,4.20%,"314,721",80.20%,x,Obama ,Clinton,Solid D,
102,California,33,16,Ted Lieu,D,"219,091","93,769",0,70.00%,30.00%,0.00%,40.10%,41.30%,-1.20%,"353,897",88.40%,x,Obama ,Clinton,Solid D,
81,Hawaii,1,17,Ed Case,D,"134,650","42,498","7,063",73.10%,23.10%,3.80%,50.00%,32.50%,17.50%,"209,300",88.00%,x,Obama ,Clinton,Solid D,
83,North Carolina,4,17,David Price,D,"247,067","82,052","12,284",72.40%,24.00%,3.60%,48.30%,40.30%,8.00%,"423,656",80.60%,x,Obama ,Clinton,Solid D,
103,North Carolina,1,17,G.K. Butterfield,D,"190,457","82,218",0,69.80%,30.20%,0.00%,39.70%,37.40%,2.30%,"361,229",75.50%,x,Obama ,Clinton,Solid D,
99,Texas,16,17,Veronica Escobar,D,"124,437","49,127","8,190",68.50%,27.00%,4.50%,41.40%,40.30%,1.10%,"194,603",93.40%,x,Obama ,Clinton,Solid D,
110,California,32,17,Grace Napolitano,D,"121,759","55,272",0,68.80%,31.20%,0.00%,37.60%,38.90%,-1.30%,"220,046",80.50%,x,Obama ,Clinton,Solid D,
109,California,38,17,Linda Sanchez,D,"139,188","62,968",0,68.90%,31.10%,0.00%,37.70%,39.50%,-1.80%,"248,271",81.40%,x,Obama ,Clinton,Solid D,
14,Wisconsin,2,18,Mark Pocan,D,"309,116",0,38,100.00%,0.00%,0.00%,100.00%,36.30%,N/A,"418,192",73.90%,x,Obama ,Clinton,Solid D,
77,Massachusetts,5,18,Katherine Clark,D,"236,243","74,856",225,75.90%,24.00%,0.10%,51.80%,42.90%,8.90%,"379,720",82.00%,x,Obama ,Clinton,Solid D,
91,North Carolina,12,18,Alma Adams,D,"203,974","75,164",0,73.10%,26.90%,0.00%,46.10%,39.80%,6.30%,"362,147",77.10%,x,Obama ,Clinton,Solid D,
89,California,30,18,Brad Sherman,D,"191,573","69,420",0,73.40%,26.60%,0.00%,46.80%,43.40%,3.40%,"302,821",86.20%,x,Obama ,Clinton,Solid D,
88,Illinois,9,18,Jan Schakowsky,D,"213,368","76,983",0,73.50%,26.50%,0.00%,47.00%,44.50%,2.50%,"344,539",84.30%,x,Obama ,Clinton,Solid D,
67,Hawaii,2,19,Tulsi Gabbard,D,"153,271","44,850",0,77.40%,22.60%,0.00%,54.70%,31.80%,22.90%,"219,637",90.20%,x,Obama ,Clinton,Solid D,
86,Ohio,3,19,Joyce Beatty,D,"181,575","65,040",62,73.60%,26.40%,0.00%,47.20%,38.90%,8.30%,"314,301",78.50%,x,Obama ,Clinton,Solid D,
78,Texas,29,19,Sylvia Garcia,D,"88,188","28,098","1,208",75.10%,23.90%,1.00%,51.10%,45.60%,5.50%,"133,934",87.70%,x,Obama ,Clinton,Solid D,
98,South Carolina,6,19,Jim Clyburn,D,"144,765","58,282","3,386",70.10%,28.20%,1.60%,41.90%,37.40%,4.50%,"264,993",77.90%,x,Obama ,Clinton,Solid D,
105,California,35,19,Norma Torres,D,"103,420","45,604",0,69.40%,30.60%,0.00%,38.80%,40.80%,-2.00%,"188,611",79.00%,x,Obama ,Clinton,Solid D,
17,Alabama,7,20,Terri Sewell,D,"185,010",0,"4,153",97.80%,0.00%,2.20%,97.80%,41.20%,N/A,"294,433",64.20%,x,Obama ,Clinton,Solid D,
76,Georgia,13,20,David Scott,D,"223,157","69,760",93,76.20%,23.80%,0.00%,52.40%,44.50%,7.90%,"301,531",97.20%,x,Obama ,Clinton,Solid D,
73,Illinois,5,20,Mike Quigley,D,"213,992","65,134",5,76.70%,23.30%,0.00%,53.30%,46.00%,7.30%,"331,056",84.30%,x,Obama ,Clinton,Solid D,
92,California,15,20,Eric Swalwell,D,"177,989","65,940",0,73.00%,27.00%,0.00%,45.90%,44.90%,1.00%,"289,926",84.10%,x,Obama ,Clinton,Solid D,
38,California,5,21,Mike Thompson,D,"205,860",0,"55,158",78.90%,0.00%,21.10%,78.90%,44.60%,N/A,"306,625",85.10%,x,Obama ,Clinton,Solid D,
1,California,6,21,Doris Matsui,D,"201,939",0,0,100.00%,0.00%,0.00%,100.00%,44.00%,N/A,"248,121",81.40%,x,Obama ,Clinton,Solid D,
13,Washington,9,21,Adam Smith,D,"240,567",0,0,100.00%,0.00%,0.00%,100.00%,47.10%,N/A,"291,632",82.50%,x,Obama ,Clinton,Solid D,
79,Colorado,1,21,Diana DeGette,D,"272,886","85,207","11,622",73.80%,23.00%,3.10%,50.80%,45.80%,5.00%,"401,981",92.00%,x,Obama ,Clinton,Solid D,
84,California,11,21,Mark DeSaulnier,D,"204,369","71,312",0,74.10%,25.90%,0.00%,48.30%,47.60%,0.70%,"320,522",86.00%,x,Obama ,Clinton,Solid D,
75,Virginia,8,21,Don Beyer,D,"247,137","76,899",712,76.10%,23.70%,0.20%,52.40%,51.80%,0.60%,"373,446",87.00%,x,Obama ,Clinton,Solid D,
71,California,2,22,Jared Huffman,D,"243,081","72,576",0,77.00%,23.00%,0.00%,54.00%,45.20%,8.80%,"348,791",90.50%,x,Obama ,Clinton,Solid D,
97,California,51,22,Juan Vargas,D,"109,527","44,301",0,71.20%,28.80%,0.00%,42.40%,49.00%,-6.60%,"205,852",74.70%,x,Obama ,Clinton,Solid D,
31,Arizona,7,23,Ruben Gallego,D,"113,044",301,"18,706",85.60%,0.20%,14.20%,85.40%,48.30%,N/A,"167,183",79.00%,x,Obama ,Clinton,Solid D,
34,California,20,23,Jimmy Panetta,D,"183,677",0,"42,044",81.40%,0.00%,18.60%,81.40%,46.80%,N/A,"258,177",87.40%,x,Obama ,Clinton,Solid D,
63,California,28,23,Adam Schiff,D,"196,662","54,272",0,78.40%,21.60%,0.00%,56.70%,49.80%,6.90%,"289,254",86.80%,x,Obama ,Clinton,Solid D,
69,Texas,33,23,Marc Veasey,D,"90,805","26,120","2,299",76.20%,21.90%,1.90%,54.30%,49.10%,5.20%,"129,867",91.80%,x,Obama ,Clinton,Solid D,
82,California,18,23,Anna Eshoo,D,"225,142","77,096",0,74.50%,25.50%,0.00%,49.00%,53.20%,-4.20%,"335,138",90.20%,x,Obama ,Clinton,Solid D,
11,New York,16,24,Eliot Engel,D,"182,044",0,0,100.00%,0.00%,0.00%,100.00%,52.20%,N/A,"285,395",63.80%,x,Obama ,Clinton,Solid D,
74,Oregon,3,24,Earl Blumenauer,D,"279,019","76,187","29,120",72.60%,19.80%,7.60%,52.80%,46.70%,6.10%,"412,761",93.10%,x,Obama ,Clinton,Safe D,
62,Georgia,4,24,Hank Johnson,D,"227,717","61,092",0,78.80%,21.20%,0.00%,57.70%,53.10%,4.60%,"298,663",96.70%,x,Obama ,Clinton,Solid D,
85,California,19,24,Zoe Lofgren,D,"162,496","57,823",0,73.80%,26.20%,0.00%,47.50%,51.40%,-3.90%,"257,624",85.50%,x,Obama ,Clinton,Solid D,
36,Louisiana,2,25,Cedric Richmond,D,"190,182",0,"45,800",80.60%,0.00%,19.40%,80.60%,52.70%,N/A,"329,648",71.60%,x,Obama ,Clinton,Solid D,
61,Pennsylvania,2,25,Brendan Boyle,D,"159,600","42,382",0,79.00%,21.00%,0.00%,58.00%,48.00%,10.00%,"283,972",71.10%,x,Obama ,Clinton,Solid D,
70,Wisconsin,4,25,Gwen Moore,D,"206,487","59,091","7,170",75.70%,21.70%,2.60%,54.00%,51.50%,2.50%,"312,481",87.30%,x,Obama ,Clinton,Solid D,
80,California,17,25,Ro Khanna,D,"159,105","52,057",0,75.30%,24.70%,0.00%,50.70%,53.20%,-2.50%,"249,775",84.50%,x,Obama ,Clinton,Solid D,
52,New York,10,26,Jerrold Nadler,D,"173,095","37,619",0,82.10%,17.90%,0.00%,64.30%,58.90%,5.40%,"264,801",79.60%,x,Obama ,Clinton,Solid D,
66,Maryland,7,26,Elijah Cummings,D,"202,345","56,266","6,099",76.40%,21.30%,2.30%,55.20%,52.50%,2.70%,"323,954",81.70%,x,Obama ,Clinton,Solid D,
64,Minnesota,5,26,Ilhan Omar,D,"267,703","74,440","1,215",78.00%,21.70%,0.40%,56.30%,54.70%,1.60%,"374,560",91.70%,x,Obama ,Clinton,Solid D,
58,New Jersey,8,27,Albio Sires,D,"119,881","28,725","4,849",78.10%,18.70%,3.20%,59.40%,54.20%,5.20%,"229,953",66.70%,x,Obama ,Clinton,Solid D,
72,Illinois,1,27,Bobby Rush,D,"189,560","50,960","17,365",73.50%,19.80%,6.70%,53.70%,53.20%,0.50%,"329,221",78.30%,x,Obama ,Clinton,Solid D,
59,California,14,27,Jackie Speier,D,"211,384","55,439",0,79.20%,20.80%,0.00%,58.40%,58.60%,-0.20%,"298,322",89.40%,x,Obama ,Clinton,Solid D,
68,Texas,18,27,Sheila Jackson Lee,D,"138,704","38,368","7,260",75.20%,20.80%,3.90%,54.40%,56.30%,-1.90%,"206,135",89.40%,x,Obama ,Clinton,Solid D,
57,Tennessee,9,28,Steve Cohen,D,"145,139","34,901","1,436",80.00%,19.20%,0.80%,60.70%,57.30%,3.40%,"224,115",81.00%,x,Obama ,Clinton,Solid D,
60,Maryland,4,28,Anthony Brown,D,"209,642","53,327","5,614",78.10%,19.90%,2.10%,58.20%,57.10%,1.10%,"325,668",82.50%,x,Obama ,Clinton,Solid D,
27,Texas,9,29,Al Green,D,"136,256",0,"16,745",89.10%,0.00%,10.90%,89.10%,61.20%,N/A,"191,513",79.90%,x,Obama ,Clinton,Solid D,
24,Texas,30,29,Eddie Bernice Johnson,D,"166,784",0,"16,390",91.10%,0.00%,8.90%,91.10%,60.80%,N/A,"220,711",83.00%,x,Obama ,Clinton,Solid D,
50,New York,14,29,Alexandria Ocasio-Cortez,D,"110,318","19,202","11,604",78.20%,13.60%,8.20%,64.60%,57.60%,7.00%,"195,883",72.00%,x,Obama ,Clinton,Solid D,
54,Missouri,1,29,Lacy Clay,D,"219,781","45,867","8,727",80.10%,16.70%,3.20%,63.40%,58.00%,5.40%,"320,522",85.60%,x,Obama ,Clinton,Solid D,
55,Illinois,2,29,Robin Kelly,D,"190,684","44,567",0,81.10%,18.90%,0.00%,62.10%,58.60%,3.50%,"305,228",77.10%,x,Obama ,Clinton,Solid D,
56,California,29,29,Tony Cardenas,D,"124,697","29,995",0,80.60%,19.40%,0.00%,61.20%,60.90%,0.30%,"196,196",78.80%,x,Obama ,Clinton,Solid D,
65,California,43,29,Maxine Waters,D,"152,272","43,780",0,77.70%,22.30%,0.00%,55.30%,61.70%,-6.40%,"234,060",83.80%,x,Obama ,Clinton,Solid D,
53,Michigan,14,30,Brenda Lawrence,D,"214,334","45,899","4,761",80.90%,17.30%,1.80%,63.60%,60.90%,2.70%,"318,900",83.10%,x,Obama ,Clinton,Solid D,
6,Florida,20,31,Alcee Hastings,D,"202,659",0,165,100.00%,0.00%,0.00%,100.00%,62.10%,N/A,"288,812",70.20%,x,Obama ,Clinton,Solid D,
43,New York,12,31,Carolyn Maloney,D,"217,430","30,446","3,726",86.40%,12.10%,1.50%,74.30%,69.00%,5.30%,"310,302",81.10%,x,Obama ,Clinton,Solid D,
33,Michigan,13,32,Rashida Tlaib,D,"165,355",0,"30,944",84.20%,0.00%,15.80%,84.20%,60.60%,N/A,"265,457",73.90%,x,Obama ,Clinton,Solid D,
51,Ohio,11,32,Marcia Fudge,D,"206,138","44,486",36,82.20%,17.70%,0.00%,64.50%,63.50%,1.00%,"323,308",77.50%,x,Obama ,Clinton,Solid D,
41,California,40,33,Lucille Roybal-Allard,D,"93,938",0,"27,511",77.30%,0.00%,22.70%,77.30%,69.50%,N/A,"164,714",73.70%,x,Obama ,Clinton,Solid D,
45,Illinois,4,33,Chuy Garcia,D,"143,895","22,294",0,86.60%,13.40%,0.00%,73.20%,68.30%,4.90%,"211,143",78.70%,x,Obama ,Clinton,Solid D,
49,Washington,7,33,Pramila Jayapal,D,"329,800","64,881",0,83.60%,16.40%,0.00%,67.10%,69.80%,-2.70%,"415,979",94.90%,x,Obama ,Clinton,Solid D,
8,Florida,24,34,Frederica Wilson,D,0,0,0,100.00%,0.00%,0.00%,100.00%,67.20%,N/A,"266,851",0.00%,x,Obama ,Clinton,Solid D,
9,Georgia,5,34,John Lewis,D,"275,406",0,0,100.00%,0.00%,0.00%,100.00%,73.10%,N/A,"305,755",90.10%,x,Obama ,Clinton,Solid D,
16,Massachusetts,7,34,Ayanna Pressley,D,"216,559",0,"3,852",98.30%,0.00%,1.70%,98.30%,71.20%,N/A,"306,116",72.00%,x,Obama ,Clinton,Solid D,
37,New York,9,34,Yvette Clarke,D,"181,455","20,901",779,89.30%,10.30%,0.40%,79.00%,68.60%,10.40%,"255,357",79.50%,x,Obama ,Clinton,Solid D,
46,California,34,35,Jimmy Gomez,D,"110,195",0,"41,711",72.50%,0.00%,27.50%,72.50%,72.80%,N/A,"184,601",82.30%,x,Obama ,Clinton,Solid D,
3,California,44,35,Nanette Barragan,D,"143,322",0,0,100.00%,0.00%,0.00%,100.00%,70.80%,N/A,"197,802",72.50%,x,Obama ,Clinton,Solid D,
20,New York,8,36,Hakeem Jeffries,D,"180,376",0,"11,028",94.20%,0.00%,5.80%,94.20%,70.80%,N/A,"256,102",74.70%,x,Obama ,Clinton,Solid D,
40,New Jersey,10,36,Donald Payne Jr.,D,"175,253","20,191","4,715",87.60%,10.10%,2.40%,77.50%,72.40%,5.10%,"274,361",73.00%,x,Obama ,Clinton,Solid D,
10,New York,5,37,Gregory Meeks,D,"160,500",0,0,100.00%,0.00%,0.00%,100.00%,72.80%,N/A,"247,766",64.80%,x,Obama ,Clinton,Solid D,
39,California,37,37,Karen Bass,D,"210,555","25,823",0,89.10%,10.90%,0.00%,78.20%,76.10%,2.10%,"276,134",85.60%,x,Obama ,Clinton,Solid D,
44,California,12,37,Nancy Pelosi,D,"275,292","41,780",0,86.80%,13.20%,0.00%,73.60%,76.60%,-3.00%,"362,965",87.40%,x,Obama ,Clinton,Solid D,
21,New York,7,38,Nydia Velazquez,D,"146,687",0,"10,410",93.40%,0.00%,6.60%,93.40%,76.10%,N/A,"205,733",76.40%,x,Obama ,Clinton,Solid D,
42,Illinois,7,38,Danny Davis,D,"215,746","30,497",0,87.60%,12.40%,0.00%,75.20%,77.30%,-2.10%,"313,933",78.40%,x,Obama ,Clinton,Solid D,
28,California,13,40,Barbara Lee,D,"260,580",0,"34,257",88.40%,0.00%,11.60%,88.40%,79.30%,N/A,"339,391",86.90%,x,Obama ,Clinton,Solid D,
30,Pennsylvania,3,41,Dwight Evans,D,"287,610","20,387",0,93.40%,6.60%,0.00%,86.80%,83.90%,2.90%,"373,594",82.40%,x,Obama ,Clinton,Solid D,
26,New York,13,43,Adriano Espaillat,D,"180,035","10,268",0,94.60%,5.40%,0.00%,89.20%,86.40%,2.80%,"253,675",75.00%,x,Obama ,Clinton,Solid D,
22,New York,15,44,Jose E. Serrano,D,"124,469","5,205",0,96.00%,4.00%,0.00%,92.00%,88.60%,3.40%,"191,894",67.60%,x,Obama ,Clinton,Solid D,
,,,,,,,,,,,,,,,,,,,,,